{"cameraMode":{"drawMode":0,"name":"Shaded","section":"Shading Mode"},"sceneLighting":true,"audioPlay":false,"sceneViewState":{"showFog":true,"showMaterialUpdate":false,"showSkybox":true,"showFlares":true,"showImageEffects":true,"showParticleSystems":true},"in2DMode":false,"pivot":{"x":2.080203056335449,"y":-0.665496826171875,"z":2.3080501556396486},"rotation":{"x":0.28109011054039,"y":0.021589724346995355,"z":-0.006325164344161749,"w":0.9594177007675171},"size":22.415498733520509,"orthographic":false}