{"cameraMode":{"drawMode":0,"name":"Shaded","section":"Shading Mode"},"sceneLighting":false,"audioPlay":false,"sceneViewState":{"showFog":true,"showMaterialUpdate":false,"showSkybox":false,"showFlares":true,"showImageEffects":true,"showParticleSystems":true},"in2DMode":false,"pivot":{"x":6.605985641479492,"y":2.8379526138305666,"z":7.934202194213867},"rotation":{"x":0.32965877652168276,"y":0.017557399347424508,"z":-0.006132420618087053,"w":0.9439170360565186},"size":45.77033996582031,"orthographic":false}