{"cameraMode":{"drawMode":0,"name":"Shaded","section":"Shading Mode"},"sceneLighting":false,"audioPlay":false,"sceneViewState":{"showFog":true,"showMaterialUpdate":false,"showSkybox":false,"showFlares":true,"showImageEffects":true,"showParticleSystems":true},"in2DMode":false,"pivot":{"x":5.5963239669799809,"y":8.192936897277832,"z":-4.260000705718994},"rotation":{"x":0.28830137848854067,"y":0.017234167084097863,"z":-0.005189770366996527,"w":0.9573705792427063},"size":37.31324005126953,"orthographic":false}