{"cameraMode":{"drawMode":0,"name":"Shaded","section":"Shading Mode"},"sceneLighting":false,"audioPlay":false,"sceneViewState":{"showFog":true,"showMaterialUpdate":false,"showSkybox":false,"showFlares":true,"showImageEffects":true,"showParticleSystems":true},"in2DMode":false,"pivot":{"x":-0.7853436470031738,"y":0.35457026958465578,"z":0.3851299285888672},"rotation":{"x":0.03857046365737915,"y":-0.9137943387031555,"z":0.08937835693359375,"w":0.39433977007865908},"size":6.387368202209473,"orthographic":false}