{"cameraMode":{"drawMode":0,"name":"Shaded","section":"Shading Mode"},"sceneLighting":false,"audioPlay":false,"sceneViewState":{"showFog":true,"showMaterialUpdate":false,"showSkybox":false,"showFlares":true,"showImageEffects":true,"showParticleSystems":true},"in2DMode":false,"pivot":{"x":5.082533359527588,"y":-1.9910659790039063,"z":23.335023880004884},"rotation":{"x":0.3787979483604431,"y":-0.004165027756243944,"z":0.0017048701411113144,"w":0.9254685044288635},"size":63.27390670776367,"orthographic":false}