{"cameraMode":{"drawMode":0,"name":"Shaded","section":"Shading Mode"},"sceneLighting":false,"audioPlay":false,"sceneViewState":{"showFog":true,"showMaterialUpdate":false,"showSkybox":false,"showFlares":true,"showImageEffects":true,"showParticleSystems":true},"in2DMode":false,"pivot":{"x":24.149307250976564,"y":-3.8258056640625,"z":4.36152458190918},"rotation":{"x":0.1727033108472824,"y":0.4916294813156128,"z":-0.10017196834087372,"w":0.847608208656311},"size":61.078338623046878,"orthographic":false}