{"cameraMode":{"drawMode":0,"name":"Shaded","section":"Shading Mode"},"sceneLighting":false,"audioPlay":false,"sceneViewState":{"showFog":true,"showMaterialUpdate":false,"showSkybox":false,"showFlares":true,"showImageEffects":true,"showParticleSystems":true},"in2DMode":false,"pivot":{"x":0.2951328754425049,"y":1.0399492979049683,"z":1.1606831550598145},"rotation":{"x":0.04971480369567871,"y":-0.9092698693275452,"z":0.11379268020391464,"w":0.39725059270858767},"size":5.253117084503174,"orthographic":false}