{"cameraMode":{"drawMode":0,"name":"Shaded","section":"Shading Mode"},"sceneLighting":false,"audioPlay":false,"sceneViewState":{"showFog":true,"showMaterialUpdate":false,"showSkybox":false,"showFlares":true,"showImageEffects":true,"showParticleSystems":true},"in2DMode":false,"pivot":{"x":26.65106964111328,"y":10.26749038696289,"z":-21.10299301147461},"rotation":{"x":0.07473812997341156,"y":0.8448383808135986,"z":-0.12250576913356781,"w":0.5154170989990234},"size":76.51158142089844,"orthographic":false}