{"cameraMode":{"drawMode":0,"name":"Shaded","section":"Shading Mode"},"sceneLighting":false,"audioPlay":false,"sceneViewState":{"showFog":true,"showMaterialUpdate":false,"showSkybox":false,"showFlares":true,"showImageEffects":true,"showParticleSystems":true},"in2DMode":false,"pivot":{"x":-1.6094014644622803,"y":1.1245529651641846,"z":-0.2933235168457031},"rotation":{"x":0.014112178236246109,"y":-0.9119332432746887,"z":0.03147419914603233,"w":0.4088863134384155},"size":7.4452080726623539,"orthographic":false}