{"cameraMode":{"drawMode":0,"name":"Shaded","section":"Shading Mode"},"sceneLighting":false,"audioPlay":false,"sceneViewState":{"showFog":true,"showMaterialUpdate":false,"showSkybox":false,"showFlares":true,"showImageEffects":true,"showParticleSystems":true},"in2DMode":false,"pivot":{"x":1.930246353149414,"y":-0.722437858581543,"z":3.3309810161590578},"rotation":{"x":0.15058590471744538,"y":-0.4859549105167389,"z":0.08542211353778839,"w":0.8566649556159973},"size":13.64903450012207,"orthographic":false}