{"cameraMode":{"drawMode":0,"name":"Shaded","section":"Shading Mode"},"sceneLighting":false,"audioPlay":false,"sceneViewState":{"showFog":true,"showMaterialUpdate":false,"showSkybox":false,"showFlares":true,"showImageEffects":true,"showParticleSystems":true},"in2DMode":false,"pivot":{"x":-21.640222549438478,"y":24.905353546142579,"z":20.396583557128908},"rotation":{"x":-0.05574763938784599,"y":-0.8937384486198425,"z":0.11593729257583618,"w":-0.42974695563316347},"size":19.219100952148439,"orthographic":false}