{"cameraMode":{"drawMode":0,"name":"Shaded","section":"Shading Mode"},"sceneLighting":true,"audioPlay":false,"sceneViewState":{"showFog":true,"showMaterialUpdate":false,"showSkybox":true,"showFlares":true,"showImageEffects":true,"showParticleSystems":true},"in2DMode":false,"pivot":{"x":45.526695251464847,"y":23.279342651367189,"z":1053.34716796875},"rotation":{"x":0.12976184487342835,"y":-0.6047898530960083,"z":0.10070905834436417,"w":0.7792617678642273},"size":231.68710327148438,"orthographic":false}