{"cameraMode":{"drawMode":0,"name":"Shaded","section":"Shading Mode"},"sceneLighting":false,"audioPlay":false,"sceneViewState":{"showFog":true,"showMaterialUpdate":false,"showSkybox":false,"showFlares":true,"showImageEffects":true,"showParticleSystems":true},"in2DMode":false,"pivot":{"x":-0.013202756643295288,"y":0.6079703569412231,"z":-0.030656754970550538},"rotation":{"x":0.2489118129014969,"y":-0.23481124639511109,"z":0.06233924999833107,"w":0.9375609159469605},"size":2.889319658279419,"orthographic":false}