{"cameraMode":{"drawMode":0,"name":"Shaded","section":"Shading Mode"},"sceneLighting":false,"audioPlay":false,"sceneViewState":{"showFog":true,"showMaterialUpdate":false,"showSkybox":false,"showFlares":true,"showImageEffects":true,"showParticleSystems":true},"in2DMode":false,"pivot":{"x":2.327589988708496,"y":1.7947144508361817,"z":-2.382946729660034},"rotation":{"x":0.32965877652168276,"y":0.017557399347424508,"z":-0.006132420618087053,"w":0.9439170360565186},"size":31.301048278808595,"orthographic":false}