{"cameraMode":{"drawMode":0,"name":"Shaded","section":"Shading Mode"},"sceneLighting":false,"audioPlay":false,"sceneViewState":{"showFog":true,"showMaterialUpdate":false,"showSkybox":false,"showFlares":true,"showImageEffects":true,"showParticleSystems":true},"in2DMode":false,"pivot":{"x":19.573305130004884,"y":12.144966125488282,"z":70.00397491455078},"rotation":{"x":0.025966068729758264,"y":-0.9612278938293457,"z":0.2567408084869385,"w":0.09721600264310837},"size":78.29077911376953,"orthographic":false}