{"cameraMode":{"drawMode":0,"name":"Shaded","section":"Shading Mode"},"sceneLighting":false,"audioPlay":false,"sceneViewState":{"showFog":true,"showMaterialUpdate":false,"showSkybox":false,"showFlares":true,"showImageEffects":true,"showParticleSystems":true},"in2DMode":false,"pivot":{"x":6.746124744415283,"y":7.344219207763672,"z":23.63080596923828},"rotation":{"x":0.23187370598316194,"y":0.0014577811816707254,"z":-0.0003474990662652999,"w":0.9727447628974915},"size":67.0831527709961,"orthographic":false}