{"cameraMode":{"drawMode":0,"name":"Shaded","section":"Shading Mode"},"sceneLighting":false,"audioPlay":false,"sceneViewState":{"showFog":true,"showMaterialUpdate":false,"showSkybox":false,"showFlares":true,"showImageEffects":true,"showParticleSystems":true},"in2DMode":false,"pivot":{"x":0.16482257843017579,"y":3.837308645248413,"z":0.6055141687393189},"rotation":{"x":0.28830137848854067,"y":0.017234167084097863,"z":-0.005189770366996527,"w":0.9573705792427063},"size":21.219846725463868,"orthographic":false}