{"cameraMode":{"drawMode":0,"name":"Shaded","section":"Shading Mode"},"sceneLighting":false,"audioPlay":false,"sceneViewState":{"showFog":true,"showMaterialUpdate":false,"showSkybox":false,"showFlares":true,"showImageEffects":true,"showParticleSystems":true},"in2DMode":false,"pivot":{"x":0.6736888885498047,"y":-0.15311145782470704,"z":0.16899585723876954},"rotation":{"x":0.27865785360336306,"y":0.3002578914165497,"z":-0.09218962490558624,"w":0.9075770378112793},"size":10.651432037353516,"orthographic":false}