{"cameraMode":{"drawMode":0,"name":"Shaded","section":"Shading Mode"},"sceneLighting":false,"audioPlay":false,"sceneViewState":{"showFog":true,"showMaterialUpdate":false,"showSkybox":false,"showFlares":true,"showImageEffects":true,"showParticleSystems":true},"in2DMode":false,"pivot":{"x":-2.7550010681152345,"y":17.44165802001953,"z":28.0},"rotation":{"x":0.23187370598316194,"y":0.0014577811816707254,"z":-0.0003474990662652999,"w":0.9727447628974915},"size":213.97763061523438,"orthographic":false}