{"cameraMode":{"drawMode":0,"name":"Shaded","section":"Shading Mode"},"sceneLighting":false,"audioPlay":false,"sceneViewState":{"showFog":true,"showMaterialUpdate":false,"showSkybox":false,"showFlares":true,"showImageEffects":true,"showParticleSystems":true},"in2DMode":false,"pivot":{"x":6.761070251464844,"y":-23.708301544189454,"z":77.10964965820313},"rotation":{"x":0.25369346141815188,"y":0.005803575273603201,"z":-0.0015219993656501175,"w":0.9672660827636719},"size":135.10293579101563,"orthographic":false}