{"cameraMode":{"drawMode":0,"name":"Shaded","section":"Shading Mode"},"sceneLighting":false,"audioPlay":false,"sceneViewState":{"showFog":true,"showMaterialUpdate":false,"showSkybox":false,"showFlares":true,"showImageEffects":true,"showParticleSystems":true},"in2DMode":false,"pivot":{"x":-0.993048906326294,"y":0.4115641117095947,"z":0.16666221618652345},"rotation":{"x":-0.029859840869903566,"y":0.9178234338760376,"z":-0.07035081088542938,"w":-0.38956311345100405},"size":6.699756622314453,"orthographic":false}