{"cameraMode":{"drawMode":0,"name":"Shaded","section":"Shading Mode"},"sceneLighting":false,"audioPlay":false,"sceneViewState":{"showFog":true,"showMaterialUpdate":false,"showSkybox":false,"showFlares":true,"showImageEffects":true,"showParticleSystems":true},"in2DMode":false,"pivot":{"x":-0.559025764465332,"y":0.9514563083648682,"z":0.3374640941619873},"rotation":{"x":0.018154365941882135,"y":-0.9174260497093201,"z":0.042137421667575839,"w":0.39525237679481509},"size":5.66624116897583,"orthographic":false}