{"cameraMode":{"drawMode":0,"name":"Shaded","section":"Shading Mode"},"sceneLighting":false,"audioPlay":false,"sceneViewState":{"showFog":true,"showMaterialUpdate":false,"showSkybox":false,"showFlares":true,"showImageEffects":true,"showParticleSystems":true},"in2DMode":false,"pivot":{"x":19.34621238708496,"y":4.106378555297852,"z":24.47653579711914},"rotation":{"x":0.05084267258644104,"y":-0.8914470672607422,"z":0.10342442244291306,"w":0.438224196434021},"size":39.46323013305664,"orthographic":false}